201,A. Parks,(214) 555-0127
202,S. Patel,(849) 811-6298
203,A. Hernandez,(355) 572-5385
204,G. Carver,(753) 763-8656
205,Sh. Byers,(912) 925-5332
206,L. Lutz,(931) 966-1775
207,L. Bernal,(884) 727-0591
208,I. Whyte,(811) 979-7345
209,L. Lott,(954) 706-2219
210,G. Clarkson,(309) 625-1838
211,Sh. Dunlap,(604) 581-6642
212,H. Gallegos,(961) 265-8638
213,L. Perkins,(317) 996-3104
214,M. Beach,(481) 422-0282
215,C. Pearce,(599) 881-5189
216,A. Hess,(516) 570-6411
217,M. Lee,(369) 898-6162
218,R. Booker,(730) 784-6303
219,A. Crowther,(325) 783-4081
220,H. Mahoney,(212) 262-8829
221,J. Brown,(644) 756-0110
222,H. Stokes,(931) 969-7317
223,J. Reeves,(940) 981-5113
224,A. Mcghee,(838) 610-5802
225,L. Mullen,(798) 331-7777
226,R. Armstrong,(325) 783-4081
227,J. Greenaway,(212) 262-8829
228,K. Kaiser Acosta,(228) 576-1557
229,D. Kirkpatrick,(773) 696-8009
230,A. Odonnell,(439) 536-8929
231,K. Kay,(368) 336-5403